frame,time_seconds,object_id,class,cx,cy,x1,y1,x2,y2,visible
20,0.800,31,package,130,230,93,202,167,258,1
21,0.840,31,package,132,230,95,202,169,258,1
22,0.880,31,package,135,230,98,202,172,258,1
23,0.920,31,package,138,230,101,202,175,258,1
24,0.960,31,package,141,230,104,202,178,258,1
25,1.000,31,package,143,230,106,202,180,258,1
26,1.040,31,package,146,230,109,202,183,258,1
27,1.080,31,package,149,230,112,202,186,258,1
28,1.120,31,package,152,230,115,202,189,258,1
29,1.160,31,package,154,230,117,202,191,258,1
30,1.200,31,package,157,230,120,202,194,258,1
31,1.240,31,package,160,230,123,202,197,258,1
32,1.280,31,package,163,230,126,202,200,258,1
33,1.320,31,package,165,230,128,202,202,258,1
34,1.360,31,package,168,230,131,202,205,258,1
35,1.400,31,package,171,230,134,202,208,258,1
36,1.440,31,package,174,230,137,202,211,258,1
37,1.480,31,package,177,230,140,202,214,258,1
38,1.520,31,package,179,230,142,202,216,258,1
39,1.560,31,package,182,230,145,202,219,258,1
40,1.600,31,package,185,230,148,202,222,258,1
41,1.640,31,package,188,230,151,202,225,258,1
42,1.680,31,package,190,230,153,202,227,258,1
43,1.720,31,package,193,230,156,202,230,258,1
44,1.760,31,package,196,230,159,202,233,258,1
45,1.800,31,package,199,230,162,202,236,258,1
46,1.840,31,package,201,230,164,202,238,258,1
47,1.880,31,package,204,230,167,202,241,258,1
48,1.920,31,package,207,230,170,202,244,258,1
49,1.960,31,package,210,230,173,202,247,258,1
50,2.000,31,package,212,230,175,202,249,258,1
51,2.040,31,package,215,230,178,202,252,258,1
52,2.080,31,package,218,230,181,202,255,258,1
53,2.120,31,package,221,230,184,202,258,258,1
54,2.160,31,package,224,230,187,202,261,258,1
55,2.200,31,package,226,230,189,202,263,258,1
56,2.240,31,package,229,230,192,202,266,258,1
57,2.280,31,package,232,230,195,202,269,258,1
58,2.320,31,package,235,230,198,202,272,258,1
59,2.360,31,package,237,230,200,202,274,258,1
60,2.400,31,package,240,230,203,202,277,258,1
61,2.440,31,package,243,230,206,202,280,258,1
62,2.480,31,package,246,230,209,202,283,258,1
63,2.520,31,package,248,230,211,202,285,258,1
64,2.560,31,package,251,230,214,202,288,258,1
65,2.600,31,package,254,230,217,202,291,258,1
66,2.640,31,package,257,230,220,202,294,258,1
67,2.680,31,package,259,230,222,202,296,258,1
68,2.720,31,package,262,230,225,202,299,258,1
69,2.760,31,package,265,230,228,202,302,258,1
70,2.800,31,package,268,230,231,202,305,258,1
71,2.840,31,package,271,230,234,202,308,258,1
72,2.880,31,package,273,230,236,202,310,258,1
73,2.920,31,package,276,230,239,202,313,258,1
74,2.960,31,package,279,230,242,202,316,258,1
75,3.000,31,package,282,230,245,202,319,258,1
76,3.040,31,package,284,230,247,202,321,258,1
77,3.080,31,package,287,230,250,202,324,258,1
78,3.120,31,package,290,230,253,202,327,258,1
79,3.160,31,package,293,230,256,202,330,258,1
80,3.200,31,package,295,230,258,202,332,258,1
80,3.200,32,package,140,360,101,330,179,390,1
81,3.240,31,package,298,230,261,202,335,258,1
81,3.240,32,package,143,360,104,330,182,390,1
82,3.280,31,package,301,230,264,202,338,258,1
82,3.280,32,package,146,360,107,330,185,390,1
83,3.320,31,package,304,230,267,202,341,258,1
83,3.320,32,package,149,360,110,330,188,390,1
84,3.360,31,package,306,230,269,202,343,258,1
84,3.360,32,package,152,360,113,330,191,390,1
85,3.400,31,package,309,230,272,202,346,258,1
85,3.400,32,package,155,360,116,330,194,390,1
86,3.440,31,package,312,230,275,202,349,258,1
86,3.440,32,package,159,360,120,330,198,390,1
87,3.480,31,package,315,230,278,202,352,258,1
87,3.480,32,package,162,360,123,330,201,390,1
88,3.520,31,package,318,230,281,202,355,258,1
88,3.520,32,package,165,360,126,330,204,390,1
89,3.560,31,package,320,230,283,202,357,258,1
89,3.560,32,package,168,360,129,330,207,390,1
90,3.600,31,package,323,230,286,202,360,258,1
90,3.600,32,package,171,360,132,330,210,390,1
91,3.640,31,package,326,230,289,202,363,258,1
91,3.640,32,package,175,360,136,330,214,390,1
92,3.680,31,package,329,230,292,202,366,258,1
92,3.680,32,package,178,360,139,330,217,390,1
93,3.720,31,package,331,230,294,202,368,258,1
93,3.720,32,package,181,360,142,330,220,390,1
94,3.760,31,package,334,230,297,202,371,258,1
94,3.760,32,package,184,360,145,330,223,390,1
95,3.800,31,package,337,230,300,202,374,258,1
95,3.800,32,package,187,360,148,330,226,390,1
96,3.840,31,package,340,230,303,202,377,258,1
96,3.840,32,package,191,360,152,330,230,390,1
97,3.880,31,package,342,230,305,202,379,258,1
97,3.880,32,package,194,360,155,330,233,390,1
98,3.920,31,package,345,230,308,202,382,258,1
98,3.920,32,package,197,360,158,330,236,390,1
99,3.960,31,package,348,230,311,202,385,258,1
99,3.960,32,package,200,360,161,330,239,390,1
100,4.000,31,package,351,230,314,202,388,258,1
100,4.000,32,package,203,360,164,330,242,390,1
101,4.040,31,package,353,230,316,202,390,258,1
101,4.040,32,package,206,360,167,330,245,390,1
102,4.080,31,package,356,230,319,202,393,258,1
102,4.080,32,package,210,360,171,330,249,390,1
103,4.120,31,package,359,230,322,202,396,258,1
103,4.120,32,package,213,360,174,330,252,390,1
104,4.160,31,package,362,230,325,202,399,258,1
104,4.160,32,package,216,360,177,330,255,390,1
105,4.200,31,package,365,230,328,202,402,258,1
105,4.200,32,package,219,360,180,330,258,390,1
106,4.240,31,package,367,230,330,202,404,258,1
106,4.240,32,package,222,360,183,330,261,390,1
107,4.280,31,package,370,230,333,202,407,258,1
107,4.280,32,package,226,360,187,330,265,390,1
108,4.320,31,package,373,230,336,202,410,258,1
108,4.320,32,package,229,360,190,330,268,390,1
109,4.360,31,package,376,230,339,202,413,258,1
109,4.360,32,package,232,360,193,330,271,390,1
110,4.400,31,package,378,230,341,202,415,258,1
110,4.400,32,package,235,360,196,330,274,390,1
111,4.440,31,package,381,230,344,202,418,258,1
111,4.440,32,package,238,360,199,330,277,390,1
112,4.480,31,package,384,230,347,202,421,258,1
112,4.480,32,package,242,360,203,330,281,390,1
113,4.520,31,package,387,230,350,202,424,258,1
113,4.520,32,package,245,360,206,330,284,390,1
114,4.560,31,package,389,230,352,202,426,258,1
114,4.560,32,package,248,360,209,330,287,390,1
115,4.600,31,package,392,230,355,202,429,258,1
115,4.600,32,package,251,360,212,330,290,390,1
116,4.640,31,package,395,230,358,202,432,258,1
116,4.640,32,package,254,360,215,330,293,390,1
117,4.680,31,package,398,230,361,202,435,258,1
117,4.680,32,package,257,360,218,330,296,390,1
118,4.720,31,package,400,230,363,202,437,258,1
118,4.720,32,package,261,360,222,330,300,390,1
119,4.760,31,package,403,230,366,202,440,258,1
119,4.760,32,package,264,360,225,330,303,390,1
120,4.800,31,package,406,230,369,202,443,258,1
120,4.800,32,package,267,360,228,330,306,390,1
121,4.840,31,package,409,230,372,202,446,258,1
121,4.840,32,package,270,360,231,330,309,390,1
122,4.880,31,package,412,230,375,202,449,258,1
122,4.880,32,package,273,360,234,330,312,390,1
123,4.920,31,package,414,230,377,202,451,258,1
123,4.920,32,package,277,360,238,330,316,390,1
124,4.960,31,package,417,230,380,202,454,258,1
124,4.960,32,package,280,360,241,330,319,390,1
125,5.000,31,package,420,230,383,202,457,258,1
125,5.000,32,package,283,360,244,330,322,390,1
126,5.040,31,package,423,230,386,202,460,258,1
126,5.040,32,package,286,360,247,330,325,390,1
127,5.080,31,package,425,230,388,202,462,258,1
127,5.080,32,package,289,360,250,330,328,390,1
128,5.120,31,package,428,230,391,202,465,258,1
128,5.120,32,package,293,360,254,330,332,390,1
129,5.160,31,package,431,230,394,202,468,258,1
129,5.160,32,package,296,360,257,330,335,390,1
130,5.200,31,package,434,230,397,202,471,258,1
130,5.200,32,package,299,360,260,330,338,390,1
131,5.240,31,package,436,230,399,202,473,258,1
131,5.240,32,package,302,360,263,330,341,390,1
132,5.280,31,package,439,230,402,202,476,258,1
132,5.280,32,package,305,360,266,330,344,390,1
133,5.320,31,package,442,230,405,202,479,258,1
133,5.320,32,package,308,360,269,330,347,390,1
134,5.360,31,package,445,230,408,202,482,258,1
134,5.360,32,package,312,360,273,330,351,390,1
135,5.400,31,package,447,230,410,202,484,258,1
135,5.400,32,package,315,360,276,330,354,390,1
136,5.440,31,package,450,230,413,202,487,258,1
136,5.440,32,package,318,360,279,330,357,390,1
137,5.480,31,package,453,230,416,202,490,258,1
137,5.480,32,package,321,360,282,330,360,390,1
138,5.520,31,package,456,230,419,202,493,258,1
138,5.520,32,package,324,360,285,330,363,390,1
139,5.560,31,package,459,230,422,202,496,258,1
139,5.560,32,package,328,360,289,330,367,390,1
140,5.600,31,package,461,230,424,202,498,258,1
140,5.600,32,package,331,360,292,330,370,390,1
141,5.640,31,package,464,230,427,202,501,258,1
141,5.640,32,package,334,360,295,330,373,390,1
142,5.680,31,package,467,230,430,202,504,258,1
142,5.680,32,package,337,360,298,330,376,390,1
143,5.720,31,package,470,230,433,202,507,258,1
143,5.720,32,package,340,360,301,330,379,390,1
144,5.760,31,package,472,230,435,202,509,258,1
144,5.760,32,package,344,360,305,330,383,390,1
145,5.800,31,package,475,230,438,202,512,258,1
145,5.800,32,package,347,360,308,330,386,390,1
146,5.840,31,package,478,230,441,202,515,258,1
146,5.840,32,package,350,360,311,330,389,390,1
147,5.880,31,package,481,230,444,202,518,258,1
147,5.880,32,package,353,360,314,330,392,390,1
148,5.920,31,package,483,230,446,202,520,258,1
148,5.920,32,package,356,360,317,330,395,390,1
149,5.960,31,package,486,230,449,202,523,258,1
149,5.960,32,package,359,360,320,330,398,390,1
150,6.000,31,package,489,230,452,202,526,258,1
150,6.000,32,package,363,360,324,330,402,390,1
150,6.000,33,package,150,490,115,463,185,517,1
151,6.040,31,package,492,230,455,202,529,258,1
151,6.040,32,package,366,360,327,330,405,390,1
151,6.040,33,package,153,490,118,463,188,517,1
152,6.080,31,package,494,230,457,202,531,258,1
152,6.080,32,package,369,360,330,330,408,390,1
152,6.080,33,package,156,490,121,463,191,517,1
153,6.120,31,package,497,230,460,202,534,258,1
153,6.120,32,package,372,360,333,330,411,390,1
153,6.120,33,package,160,490,125,463,195,517,1
154,6.160,31,package,500,230,463,202,537,258,1
154,6.160,32,package,375,360,336,330,414,390,1
154,6.160,33,package,163,490,128,463,198,517,1
155,6.200,31,package,503,230,466,202,540,258,1
155,6.200,32,package,379,360,340,330,418,390,1
155,6.200,33,package,166,490,131,463,201,517,1
156,6.240,31,package,506,230,469,202,543,258,1
156,6.240,32,package,382,360,343,330,421,390,1
156,6.240,33,package,170,490,135,463,205,517,1
157,6.280,31,package,508,230,471,202,545,258,1
157,6.280,32,package,385,360,346,330,424,390,1
157,6.280,33,package,173,490,138,463,208,517,1
158,6.320,31,package,511,230,474,202,548,258,1
158,6.320,32,package,388,360,349,330,427,390,1
158,6.320,33,package,177,490,142,463,212,517,1
159,6.360,31,package,514,230,477,202,551,258,1
159,6.360,32,package,391,360,352,330,430,390,1
159,6.360,33,package,180,490,145,463,215,517,1
160,6.400,31,package,517,230,480,202,554,258,1
160,6.400,32,package,395,360,356,330,434,390,1
160,6.400,33,package,183,490,148,463,218,517,1
161,6.440,31,package,519,230,482,202,556,258,1
161,6.440,32,package,398,360,359,330,437,390,1
161,6.440,33,package,187,490,152,463,222,517,1
162,6.480,31,package,522,230,485,202,559,258,1
162,6.480,32,package,401,360,362,330,440,390,1
162,6.480,33,package,190,490,155,463,225,517,1
163,6.520,31,package,525,230,488,202,562,258,1
163,6.520,32,package,404,360,365,330,443,390,1
163,6.520,33,package,193,490,158,463,228,517,1
164,6.560,31,package,528,230,491,202,565,258,1
164,6.560,32,package,407,360,368,330,446,390,1
164,6.560,33,package,197,490,162,463,232,517,1
165,6.600,31,package,530,230,493,202,567,258,1
165,6.600,32,package,410,360,371,330,449,390,1
165,6.600,33,package,200,490,165,463,235,517,1
166,6.640,31,package,533,230,496,202,570,258,1
166,6.640,32,package,414,360,375,330,453,390,1
166,6.640,33,package,204,490,169,463,239,517,1
167,6.680,31,package,536,230,499,202,573,258,1
167,6.680,32,package,417,360,378,330,456,390,1
167,6.680,33,package,207,490,172,463,242,517,1
168,6.720,31,package,539,230,502,202,576,258,1
168,6.720,32,package,420,360,381,330,459,390,1
168,6.720,33,package,210,490,175,463,245,517,1
169,6.760,31,package,541,230,504,202,578,258,1
169,6.760,32,package,423,360,384,330,462,390,1
169,6.760,33,package,214,490,179,463,249,517,1
170,6.800,31,package,544,230,507,202,581,258,1
170,6.800,32,package,426,360,387,330,465,390,1
170,6.800,33,package,217,490,182,463,252,517,1
171,6.840,31,package,547,230,510,202,584,258,1
171,6.840,32,package,430,360,391,330,469,390,1
171,6.840,33,package,220,490,185,463,255,517,1
172,6.880,31,package,550,230,513,202,587,258,1
172,6.880,32,package,433,360,394,330,472,390,1
172,6.880,33,package,224,490,189,463,259,517,1
173,6.920,31,package,553,230,516,202,590,258,1
173,6.920,32,package,436,360,397,330,475,390,1
173,6.920,33,package,227,490,192,463,262,517,1
174,6.960,31,package,555,230,518,202,592,258,1
174,6.960,32,package,439,360,400,330,478,390,1
174,6.960,33,package,231,490,196,463,266,517,1
175,7.000,31,package,558,230,521,202,595,258,1
175,7.000,32,package,442,360,403,330,481,390,1
175,7.000,33,package,234,490,199,463,269,517,1
176,7.040,31,package,561,230,524,202,598,258,1
176,7.040,32,package,446,360,407,330,485,390,1
176,7.040,33,package,237,490,202,463,272,517,1
177,7.080,31,package,564,230,527,202,601,258,1
177,7.080,32,package,449,360,410,330,488,390,1
177,7.080,33,package,241,490,206,463,276,517,1
178,7.120,31,package,566,230,529,202,603,258,1
178,7.120,32,package,452,360,413,330,491,390,1
178,7.120,33,package,244,490,209,463,279,517,1
179,7.160,31,package,569,230,532,202,606,258,1
179,7.160,32,package,455,360,416,330,494,390,1
179,7.160,33,package,247,490,212,463,282,517,1
180,7.200,31,package,572,230,535,202,609,258,1
180,7.200,32,package,458,360,419,330,497,390,1
180,7.200,33,package,251,490,216,463,286,517,1
181,7.240,31,package,575,230,538,202,612,258,1
181,7.240,32,package,461,360,422,330,500,390,1
181,7.240,33,package,254,490,219,463,289,517,1
182,7.280,31,package,577,230,540,202,614,258,1
182,7.280,32,package,465,360,426,330,504,390,1
182,7.280,33,package,258,490,223,463,293,517,1
183,7.320,31,package,580,230,543,202,617,258,1
183,7.320,32,package,468,360,429,330,507,390,1
183,7.320,33,package,261,490,226,463,296,517,1
184,7.360,31,package,583,230,546,202,620,258,1
184,7.360,32,package,471,360,432,330,510,390,1
184,7.360,33,package,264,490,229,463,299,517,1
185,7.400,31,package,586,230,549,202,623,258,1
185,7.400,32,package,474,360,435,330,513,390,1
185,7.400,33,package,268,490,233,463,303,517,1
186,7.440,31,package,588,230,551,202,625,258,1
186,7.440,32,package,477,360,438,330,516,390,1
186,7.440,33,package,271,490,236,463,306,517,1
187,7.480,31,package,591,230,554,202,628,258,1
187,7.480,32,package,481,360,442,330,520,390,1
187,7.480,33,package,274,490,239,463,309,517,1
188,7.520,31,package,594,230,557,202,631,258,1
188,7.520,32,package,484,360,445,330,523,390,1
188,7.520,33,package,278,490,243,463,313,517,1
189,7.560,31,package,597,230,560,202,634,258,1
189,7.560,32,package,487,360,448,330,526,390,1
189,7.560,33,package,281,490,246,463,316,517,1
190,7.600,31,package,600,230,563,202,637,258,1
190,7.600,32,package,490,360,451,330,529,390,1
190,7.600,33,package,285,490,250,463,320,517,1
191,7.640,31,package,600,230,563,202,637,258,1
191,7.640,32,package,493,360,454,330,532,390,1
191,7.640,33,package,288,490,253,463,323,517,1
192,7.680,31,package,600,230,563,202,637,258,1
192,7.680,32,package,497,360,458,330,536,390,1
192,7.680,33,package,291,490,256,463,326,517,1
193,7.720,31,package,600,230,563,202,637,258,1
193,7.720,32,package,500,360,461,330,539,390,1
193,7.720,33,package,295,490,260,463,330,517,1
194,7.760,31,package,600,230,563,202,637,258,1
194,7.760,32,package,503,360,464,330,542,390,1
194,7.760,33,package,298,490,263,463,333,517,1
195,7.800,31,package,600,230,563,202,637,258,1
195,7.800,32,package,506,360,467,330,545,390,1
195,7.800,33,package,301,490,266,463,336,517,1
196,7.840,31,package,600,230,563,202,637,258,1
196,7.840,32,package,509,360,470,330,548,390,1
196,7.840,33,package,305,490,270,463,340,517,1
197,7.880,31,package,600,230,563,202,637,258,1
197,7.880,32,package,512,360,473,330,551,390,1
197,7.880,33,package,308,490,273,463,343,517,1
198,7.920,31,package,600,230,563,202,637,258,1
198,7.920,32,package,516,360,477,330,555,390,1
198,7.920,33,package,312,490,277,463,347,517,1
199,7.960,31,package,600,230,563,202,637,258,1
199,7.960,32,package,519,360,480,330,558,390,1
199,7.960,33,package,315,490,280,463,350,517,1
200,8.000,31,package,600,230,563,202,637,258,1
200,8.000,32,package,522,360,483,330,561,390,1
200,8.000,33,package,318,490,283,463,353,517,1
201,8.040,31,package,600,230,563,202,637,258,1
201,8.040,32,package,525,360,486,330,564,390,1
201,8.040,33,package,322,490,287,463,357,517,1
202,8.080,31,package,600,230,563,202,637,258,1
202,8.080,32,package,528,360,489,330,567,390,1
202,8.080,33,package,325,490,290,463,360,517,1
203,8.120,31,package,600,230,563,202,637,258,1
203,8.120,32,package,532,360,493,330,571,390,1
203,8.120,33,package,328,490,293,463,363,517,1
204,8.160,31,package,600,230,563,202,637,258,1
204,8.160,32,package,535,360,496,330,574,390,1
204,8.160,33,package,332,490,297,463,367,517,1
205,8.200,31,package,600,230,563,202,637,258,1
205,8.200,32,package,538,360,499,330,577,390,1
205,8.200,33,package,335,490,300,463,370,517,1
206,8.240,31,package,600,230,563,202,637,258,1
206,8.240,32,package,541,360,502,330,580,390,1
206,8.240,33,package,339,490,304,463,374,517,1
207,8.280,31,package,600,230,563,202,637,258,1
207,8.280,32,package,544,360,505,330,583,390,1
207,8.280,33,package,342,490,307,463,377,517,1
208,8.320,31,package,600,230,563,202,637,258,1
208,8.320,32,package,548,360,509,330,587,390,1
208,8.320,33,package,345,490,310,463,380,517,1
209,8.360,31,package,600,230,563,202,637,258,1
209,8.360,32,package,551,360,512,330,590,390,1
209,8.360,33,package,349,490,314,463,384,517,1
210,8.400,31,package,600,230,563,202,637,258,1
210,8.400,32,package,554,360,515,330,593,390,1
210,8.400,33,package,352,490,317,463,387,517,1
211,8.440,31,package,600,230,563,202,637,258,1
211,8.440,32,package,557,360,518,330,596,390,1
211,8.440,33,package,355,490,320,463,390,517,1
212,8.480,31,package,600,230,563,202,637,258,1
212,8.480,32,package,560,360,521,330,599,390,1
212,8.480,33,package,359,490,324,463,394,517,1
213,8.520,31,package,600,230,563,202,637,258,1
213,8.520,32,package,563,360,524,330,602,390,1
213,8.520,33,package,362,490,327,463,397,517,1
214,8.560,31,package,600,230,563,202,637,258,1
214,8.560,32,package,567,360,528,330,606,390,1
214,8.560,33,package,366,490,331,463,401,517,1
215,8.600,31,package,600,230,563,202,637,258,1
215,8.600,32,package,570,360,531,330,609,390,1
215,8.600,33,package,369,490,334,463,404,517,1
216,8.640,31,package,600,230,563,202,637,258,1
216,8.640,32,package,573,360,534,330,612,390,1
216,8.640,33,package,372,490,337,463,407,517,1
217,8.680,31,package,600,230,563,202,637,258,1
217,8.680,32,package,576,360,537,330,615,390,1
217,8.680,33,package,376,490,341,463,411,517,1
218,8.720,31,package,600,230,563,202,637,258,1
218,8.720,32,package,579,360,540,330,618,390,1
218,8.720,33,package,379,490,344,463,414,517,1
219,8.760,31,package,600,230,563,202,637,258,1
219,8.760,32,package,583,360,544,330,622,390,1
219,8.760,33,package,382,490,347,463,417,517,1
220,8.800,31,package,600,230,563,202,637,258,1
220,8.800,32,package,586,360,547,330,625,390,1
220,8.800,33,package,386,490,351,463,421,517,1
221,8.840,31,package,600,230,563,202,637,258,1
221,8.840,32,package,589,360,550,330,628,390,1
221,8.840,33,package,389,490,354,463,424,517,1
222,8.880,31,package,600,230,563,202,637,258,1
222,8.880,32,package,592,360,553,330,631,390,1
222,8.880,33,package,393,490,358,463,428,517,1
223,8.920,31,package,600,230,563,202,637,258,1
223,8.920,32,package,595,360,556,330,634,390,1
223,8.920,33,package,396,490,361,463,431,517,1
224,8.960,31,package,600,230,563,202,637,258,1
224,8.960,32,package,599,360,560,330,638,390,1
224,8.960,33,package,399,490,364,463,434,517,1
225,9.000,31,package,600,230,563,202,637,258,1
225,9.000,32,package,602,360,563,330,641,390,1
225,9.000,33,package,403,490,368,463,438,517,1
226,9.040,31,package,600,230,563,202,637,258,1
226,9.040,32,package,605,360,566,330,644,390,1
226,9.040,33,package,406,490,371,463,441,517,1
227,9.080,31,package,600,230,563,202,637,258,1
227,9.080,32,package,608,360,569,330,647,390,1
227,9.080,33,package,409,490,374,463,444,517,1
228,9.120,31,package,600,230,563,202,637,258,1
228,9.120,32,package,611,360,572,330,650,390,1
228,9.120,33,package,413,490,378,463,448,517,1
229,9.160,31,package,600,230,563,202,637,258,1
229,9.160,32,package,614,360,575,330,653,390,1
229,9.160,33,package,416,490,381,463,451,517,1
230,9.200,31,package,600,230,563,202,637,258,1
230,9.200,32,package,618,360,579,330,657,390,1
230,9.200,33,package,420,490,385,463,455,517,1
231,9.240,31,package,600,230,563,202,637,258,1
231,9.240,32,package,621,360,582,330,660,390,1
231,9.240,33,package,423,490,388,463,458,517,1
232,9.280,31,package,600,230,563,202,637,258,1
232,9.280,32,package,624,360,585,330,663,390,1
232,9.280,33,package,426,490,391,463,461,517,1
233,9.320,31,package,600,230,563,202,637,258,1
233,9.320,32,package,627,360,588,330,666,390,1
233,9.320,33,package,430,490,395,463,465,517,1
234,9.360,31,package,600,230,563,202,637,258,1
234,9.360,32,package,630,360,591,330,669,390,1
234,9.360,33,package,433,490,398,463,468,517,1
235,9.400,31,package,600,230,563,202,637,258,1
235,9.400,32,package,634,360,595,330,673,390,1
235,9.400,33,package,436,490,401,463,471,517,1
236,9.440,31,package,600,230,563,202,637,258,1
236,9.440,32,package,637,360,598,330,676,390,1
236,9.440,33,package,440,490,405,463,475,517,1
237,9.480,31,package,600,230,563,202,637,258,1
237,9.480,32,package,640,360,601,330,679,390,1
237,9.480,33,package,443,490,408,463,478,517,1
238,9.520,31,package,600,230,563,202,637,258,1
238,9.520,32,package,643,360,604,330,682,390,1
238,9.520,33,package,447,490,412,463,482,517,1
239,9.560,31,package,600,230,563,202,637,258,1
239,9.560,32,package,646,360,607,330,685,390,1
239,9.560,33,package,450,490,415,463,485,517,1
240,9.600,31,package,600,230,563,202,637,258,1
240,9.600,32,package,650,360,611,330,689,390,1
240,9.600,33,package,453,490,418,463,488,517,1
241,9.640,31,package,600,230,563,202,637,258,1
241,9.640,32,package,650,360,611,330,689,390,1
241,9.640,33,package,457,490,422,463,492,517,1
242,9.680,31,package,600,230,563,202,637,258,1
242,9.680,32,package,650,360,611,330,689,390,1
242,9.680,33,package,460,490,425,463,495,517,1
243,9.720,31,package,600,230,563,202,637,258,1
243,9.720,32,package,650,360,611,330,689,390,1
243,9.720,33,package,463,490,428,463,498,517,1
244,9.760,31,package,600,230,563,202,637,258,1
244,9.760,32,package,650,360,611,330,689,390,1
244,9.760,33,package,467,490,432,463,502,517,1
245,9.800,31,package,600,230,563,202,637,258,1
245,9.800,32,package,650,360,611,330,689,390,1
245,9.800,33,package,470,490,435,463,505,517,1
246,9.840,31,package,600,230,563,202,637,258,1
246,9.840,32,package,650,360,611,330,689,390,1
246,9.840,33,package,474,490,439,463,509,517,1
247,9.880,31,package,600,230,563,202,637,258,1
247,9.880,32,package,650,360,611,330,689,390,1
247,9.880,33,package,477,490,442,463,512,517,1
248,9.920,31,package,600,230,563,202,637,258,1
248,9.920,32,package,650,360,611,330,689,390,1
248,9.920,33,package,480,490,445,463,515,517,1
249,9.960,31,package,600,230,563,202,637,258,1
249,9.960,32,package,650,360,611,330,689,390,1
249,9.960,33,package,484,490,449,463,519,517,1
250,10.000,31,package,600,230,563,202,637,258,1
250,10.000,32,package,650,360,611,330,689,390,1
250,10.000,33,package,487,490,452,463,522,517,1
251,10.040,31,package,600,230,563,202,637,258,1
251,10.040,32,package,650,360,611,330,689,390,1
251,10.040,33,package,490,490,455,463,525,517,1
252,10.080,31,package,600,230,563,202,637,258,1
252,10.080,32,package,650,360,611,330,689,390,1
252,10.080,33,package,494,490,459,463,529,517,1
253,10.120,31,package,600,230,563,202,637,258,1
253,10.120,32,package,650,360,611,330,689,390,1
253,10.120,33,package,497,490,462,463,532,517,1
254,10.160,31,package,600,230,563,202,637,258,1
254,10.160,32,package,650,360,611,330,689,390,1
254,10.160,33,package,501,490,466,463,536,517,1
255,10.200,31,package,600,230,563,202,637,258,1
255,10.200,32,package,650,360,611,330,689,390,1
255,10.200,33,package,504,490,469,463,539,517,1
256,10.240,31,package,600,230,563,202,637,258,1
256,10.240,32,package,650,360,611,330,689,390,1
256,10.240,33,package,507,490,472,463,542,517,1
257,10.280,31,package,600,230,563,202,637,258,1
257,10.280,32,package,650,360,611,330,689,390,1
257,10.280,33,package,511,490,476,463,546,517,1
258,10.320,31,package,600,230,563,202,637,258,1
258,10.320,32,package,650,360,611,330,689,390,1
258,10.320,33,package,514,490,479,463,549,517,1
259,10.360,31,package,600,230,563,202,637,258,1
259,10.360,32,package,650,360,611,330,689,390,1
259,10.360,33,package,517,490,482,463,552,517,1
260,10.400,31,package,600,230,563,202,637,258,1
260,10.400,32,package,650,360,611,330,689,390,1
260,10.400,33,package,521,490,486,463,556,517,1
261,10.440,31,package,600,230,563,202,637,258,1
261,10.440,32,package,650,360,611,330,689,390,1
261,10.440,33,package,524,490,489,463,559,517,1
262,10.480,31,package,600,230,563,202,637,258,1
262,10.480,32,package,650,360,611,330,689,390,1
262,10.480,33,package,528,490,493,463,563,517,1
263,10.520,31,package,600,230,563,202,637,258,1
263,10.520,32,package,650,360,611,330,689,390,1
263,10.520,33,package,531,490,496,463,566,517,1
264,10.560,31,package,600,230,563,202,637,258,1
264,10.560,32,package,650,360,611,330,689,390,1
264,10.560,33,package,534,490,499,463,569,517,1
265,10.600,31,package,600,230,563,202,637,258,1
265,10.600,32,package,650,360,611,330,689,390,1
265,10.600,33,package,538,490,503,463,573,517,1
266,10.640,31,package,600,230,563,202,637,258,1
266,10.640,32,package,650,360,611,330,689,390,1
266,10.640,33,package,541,490,506,463,576,517,1
267,10.680,31,package,600,230,563,202,637,258,1
267,10.680,32,package,650,360,611,330,689,390,1
267,10.680,33,package,544,490,509,463,579,517,1
268,10.720,31,package,600,230,563,202,637,258,1
268,10.720,32,package,650,360,611,330,689,390,1
268,10.720,33,package,548,490,513,463,583,517,1
269,10.760,31,package,600,230,563,202,637,258,1
269,10.760,32,package,650,360,611,330,689,390,1
269,10.760,33,package,551,490,516,463,586,517,1
270,10.800,31,package,600,230,563,202,637,258,1
270,10.800,32,package,650,360,611,330,689,390,1
270,10.800,33,package,555,490,520,463,590,517,1
271,10.840,31,package,600,230,563,202,637,258,1
271,10.840,32,package,650,360,611,330,689,390,1
271,10.840,33,package,558,490,523,463,593,517,1
272,10.880,31,package,600,230,563,202,637,258,1
272,10.880,32,package,650,360,611,330,689,390,1
272,10.880,33,package,561,490,526,463,596,517,1
273,10.920,31,package,600,230,563,202,637,258,1
273,10.920,32,package,650,360,611,330,689,390,1
273,10.920,33,package,565,490,530,463,600,517,1
274,10.960,31,package,600,230,563,202,637,258,1
274,10.960,32,package,650,360,611,330,689,390,1
274,10.960,33,package,568,490,533,463,603,517,1
275,11.000,31,package,600,230,563,202,637,258,1
275,11.000,32,package,650,360,611,330,689,390,1
275,11.000,33,package,571,490,536,463,606,517,1
276,11.040,31,package,600,230,563,202,637,258,1
276,11.040,32,package,650,360,611,330,689,390,1
276,11.040,33,package,575,490,540,463,610,517,1
277,11.080,31,package,600,230,563,202,637,258,1
277,11.080,32,package,650,360,611,330,689,390,1
277,11.080,33,package,578,490,543,463,613,517,1
278,11.120,31,package,600,230,563,202,637,258,1
278,11.120,32,package,650,360,611,330,689,390,1
278,11.120,33,package,582,490,547,463,617,517,1
279,11.160,31,package,600,230,563,202,637,258,1
279,11.160,32,package,650,360,611,330,689,390,1
279,11.160,33,package,585,490,550,463,620,517,1
280,11.200,31,package,600,230,563,202,637,258,1
280,11.200,32,package,650,360,611,330,689,390,1
280,11.200,33,package,588,490,553,463,623,517,1
281,11.240,31,package,600,230,563,202,637,258,1
281,11.240,32,package,650,360,611,330,689,390,1
281,11.240,33,package,592,490,557,463,627,517,1
282,11.280,31,package,600,230,563,202,637,258,1
282,11.280,32,package,650,360,611,330,689,390,1
282,11.280,33,package,595,490,560,463,630,517,1
283,11.320,31,package,600,230,563,202,637,258,1
283,11.320,32,package,650,360,611,330,689,390,1
283,11.320,33,package,598,490,563,463,633,517,1
284,11.360,31,package,600,230,563,202,637,258,1
284,11.360,32,package,650,360,611,330,689,390,1
284,11.360,33,package,602,490,567,463,637,517,1
285,11.400,31,package,600,230,563,202,637,258,1
285,11.400,32,package,650,360,611,330,689,390,1
285,11.400,33,package,605,490,570,463,640,517,1
286,11.440,31,package,600,230,563,202,637,258,1
286,11.440,32,package,650,360,611,330,689,390,1
286,11.440,33,package,609,490,574,463,644,517,1
287,11.480,31,package,600,230,563,202,637,258,1
287,11.480,32,package,650,360,611,330,689,390,1
287,11.480,33,package,612,490,577,463,647,517,1
288,11.520,31,package,600,230,563,202,637,258,1
288,11.520,32,package,650,360,611,330,689,390,1
288,11.520,33,package,615,490,580,463,650,517,1
289,11.560,31,package,600,230,563,202,637,258,1
289,11.560,32,package,650,360,611,330,689,390,1
289,11.560,33,package,619,490,584,463,654,517,1
290,11.600,31,package,600,230,563,202,637,258,1
290,11.600,32,package,650,360,611,330,689,390,1
290,11.600,33,package,622,490,587,463,657,517,1
291,11.640,31,package,600,230,563,202,637,258,1
291,11.640,32,package,650,360,611,330,689,390,1
291,11.640,33,package,625,490,590,463,660,517,1
292,11.680,31,package,600,230,563,202,637,258,1
292,11.680,32,package,650,360,611,330,689,390,1
292,11.680,33,package,629,490,594,463,664,517,1
293,11.720,31,package,600,230,563,202,637,258,1
293,11.720,32,package,650,360,611,330,689,390,1
293,11.720,33,package,632,490,597,463,667,517,1
294,11.760,31,package,600,230,563,202,637,258,1
294,11.760,32,package,650,360,611,330,689,390,1
294,11.760,33,package,636,490,601,463,671,517,1
295,11.800,31,package,600,230,563,202,637,258,1
295,11.800,32,package,650,360,611,330,689,390,1
295,11.800,33,package,639,490,604,463,674,517,1
296,11.840,31,package,600,230,563,202,637,258,1
296,11.840,32,package,650,360,611,330,689,390,1
296,11.840,33,package,642,490,607,463,677,517,1
297,11.880,31,package,600,230,563,202,637,258,1
297,11.880,32,package,650,360,611,330,689,390,1
297,11.880,33,package,646,490,611,463,681,517,1
298,11.920,31,package,600,230,563,202,637,258,1
298,11.920,32,package,650,360,611,330,689,390,1
298,11.920,33,package,649,490,614,463,684,517,1
299,11.960,31,package,600,230,563,202,637,258,1
299,11.960,32,package,650,360,611,330,689,390,1
299,11.960,33,package,652,490,617,463,687,517,1
300,12.000,31,package,600,230,563,202,637,258,1
300,12.000,32,package,650,360,611,330,689,390,1
300,12.000,33,package,656,490,621,463,691,517,1
301,12.040,31,package,600,230,563,202,637,258,1
301,12.040,32,package,650,360,611,330,689,390,1
301,12.040,33,package,659,490,624,463,694,517,1
302,12.080,31,package,600,230,563,202,637,258,1
302,12.080,32,package,650,360,611,330,689,390,1
302,12.080,33,package,663,490,628,463,698,517,1
303,12.120,31,package,600,230,563,202,637,258,1
303,12.120,32,package,650,360,611,330,689,390,1
303,12.120,33,package,666,490,631,463,701,517,1
304,12.160,31,package,600,230,563,202,637,258,1
304,12.160,32,package,650,360,611,330,689,390,1
304,12.160,33,package,669,490,634,463,704,517,1
305,12.200,31,package,600,230,563,202,637,258,1
305,12.200,32,package,650,360,611,330,689,390,1
305,12.200,33,package,673,490,638,463,708,517,1
306,12.240,31,package,600,230,563,202,637,258,1
306,12.240,32,package,650,360,611,330,689,390,1
306,12.240,33,package,676,490,641,463,711,517,1
307,12.280,31,package,600,230,563,202,637,258,1
307,12.280,32,package,650,360,611,330,689,390,1
307,12.280,33,package,679,490,644,463,714,517,1
308,12.320,31,package,600,230,563,202,637,258,1
308,12.320,32,package,650,360,611,330,689,390,1
308,12.320,33,package,683,490,648,463,718,517,1
309,12.360,31,package,600,230,563,202,637,258,1
309,12.360,32,package,650,360,611,330,689,390,1
309,12.360,33,package,686,490,651,463,721,517,1
310,12.400,31,package,600,230,563,202,637,258,1
310,12.400,32,package,650,360,611,330,689,390,1
310,12.400,33,package,690,490,655,463,725,517,1
311,12.440,31,package,600,230,563,202,637,258,1
311,12.440,32,package,650,360,611,330,689,390,1
311,12.440,33,package,690,490,655,463,725,517,1
312,12.480,31,package,600,230,563,202,637,258,1
312,12.480,32,package,650,360,611,330,689,390,1
312,12.480,33,package,690,490,655,463,725,517,1
313,12.520,31,package,600,230,563,202,637,258,1
313,12.520,32,package,650,360,611,330,689,390,1
313,12.520,33,package,690,490,655,463,725,517,1
314,12.560,31,package,600,230,563,202,637,258,1
314,12.560,32,package,650,360,611,330,689,390,1
314,12.560,33,package,690,490,655,463,725,517,1
315,12.600,31,package,600,230,563,202,637,258,1
315,12.600,32,package,650,360,611,330,689,390,1
315,12.600,33,package,690,490,655,463,725,517,1
316,12.640,31,package,600,230,563,202,637,258,1
316,12.640,32,package,650,360,611,330,689,390,1
316,12.640,33,package,690,490,655,463,725,517,1
317,12.680,31,package,600,230,563,202,637,258,1
317,12.680,32,package,650,360,611,330,689,390,1
317,12.680,33,package,690,490,655,463,725,517,1
318,12.720,31,package,600,230,563,202,637,258,1
318,12.720,32,package,650,360,611,330,689,390,1
318,12.720,33,package,690,490,655,463,725,517,1
319,12.760,31,package,600,230,563,202,637,258,1
319,12.760,32,package,650,360,611,330,689,390,1
319,12.760,33,package,690,490,655,463,725,517,1
320,12.800,31,package,600,230,563,202,637,258,1
320,12.800,32,package,650,360,611,330,689,390,1
320,12.800,33,package,690,490,655,463,725,517,1
321,12.840,31,package,600,230,563,202,637,258,1
321,12.840,32,package,650,360,611,330,689,390,1
321,12.840,33,package,690,490,655,463,725,517,1
322,12.880,31,package,600,230,563,202,637,258,1
322,12.880,32,package,650,360,611,330,689,390,1
322,12.880,33,package,690,490,655,463,725,517,1
323,12.920,31,package,600,230,563,202,637,258,1
323,12.920,32,package,650,360,611,330,689,390,1
323,12.920,33,package,690,490,655,463,725,517,1
324,12.960,31,package,600,230,563,202,637,258,1
324,12.960,32,package,650,360,611,330,689,390,1
324,12.960,33,package,690,490,655,463,725,517,1
325,13.000,31,package,600,230,563,202,637,258,1
325,13.000,32,package,650,360,611,330,689,390,1
325,13.000,33,package,690,490,655,463,725,517,1
326,13.040,31,package,600,230,563,202,637,258,1
326,13.040,32,package,650,360,611,330,689,390,1
326,13.040,33,package,690,490,655,463,725,517,1
327,13.080,31,package,600,230,563,202,637,258,1
327,13.080,32,package,650,360,611,330,689,390,1
327,13.080,33,package,690,490,655,463,725,517,1
328,13.120,31,package,600,230,563,202,637,258,1
328,13.120,32,package,650,360,611,330,689,390,1
328,13.120,33,package,690,490,655,463,725,517,1
329,13.160,31,package,600,230,563,202,637,258,1
329,13.160,32,package,650,360,611,330,689,390,1
329,13.160,33,package,690,490,655,463,725,517,1
330,13.200,31,package,600,230,563,202,637,258,1
330,13.200,32,package,650,360,611,330,689,390,1
330,13.200,33,package,690,490,655,463,725,517,1
331,13.240,31,package,600,230,563,202,637,258,1
331,13.240,32,package,650,360,611,330,689,390,1
331,13.240,33,package,690,490,655,463,725,517,1
332,13.280,31,package,600,230,563,202,637,258,1
332,13.280,32,package,650,360,611,330,689,390,1
332,13.280,33,package,690,490,655,463,725,517,1
333,13.320,31,package,600,230,563,202,637,258,1
333,13.320,32,package,650,360,611,330,689,390,1
333,13.320,33,package,690,490,655,463,725,517,1
334,13.360,31,package,600,230,563,202,637,258,1
334,13.360,32,package,650,360,611,330,689,390,1
334,13.360,33,package,690,490,655,463,725,517,1
335,13.400,31,package,600,230,563,202,637,258,1
335,13.400,32,package,650,360,611,330,689,390,1
335,13.400,33,package,690,490,655,463,725,517,1
336,13.440,31,package,600,230,563,202,637,258,1
336,13.440,32,package,650,360,611,330,689,390,1
336,13.440,33,package,690,490,655,463,725,517,1
337,13.480,31,package,600,230,563,202,637,258,1
337,13.480,32,package,650,360,611,330,689,390,1
337,13.480,33,package,690,490,655,463,725,517,1
338,13.520,31,package,600,230,563,202,637,258,1
338,13.520,32,package,650,360,611,330,689,390,1
338,13.520,33,package,690,490,655,463,725,517,1
339,13.560,31,package,600,230,563,202,637,258,1
339,13.560,32,package,650,360,611,330,689,390,1
339,13.560,33,package,690,490,655,463,725,517,1
340,13.600,31,package,600,230,563,202,637,258,1
340,13.600,32,package,650,360,611,330,689,390,1
340,13.600,33,package,690,490,655,463,725,517,1
341,13.640,31,package,602,230,565,202,639,258,1
341,13.640,32,package,650,360,611,330,689,390,1
341,13.640,33,package,690,490,655,463,725,517,1
342,13.680,31,package,605,230,568,202,642,258,1
342,13.680,32,package,650,360,611,330,689,390,1
342,13.680,33,package,690,490,655,463,725,517,1
343,13.720,31,package,608,230,571,202,645,258,1
343,13.720,32,package,650,360,611,330,689,390,1
343,13.720,33,package,690,490,655,463,725,517,1
344,13.760,31,package,610,230,573,202,647,258,1
344,13.760,32,package,650,360,611,330,689,390,1
344,13.760,33,package,690,490,655,463,725,517,1
345,13.800,31,package,613,230,576,202,650,258,1
345,13.800,32,package,650,360,611,330,689,390,1
345,13.800,33,package,690,490,655,463,725,517,1
346,13.840,31,package,616,230,579,202,653,258,1
346,13.840,32,package,650,360,611,330,689,390,1
346,13.840,33,package,690,490,655,463,725,517,1
347,13.880,31,package,618,230,581,202,655,258,1
347,13.880,32,package,650,360,611,330,689,390,1
347,13.880,33,package,690,490,655,463,725,517,1
348,13.920,31,package,621,230,584,202,658,258,1
348,13.920,32,package,650,360,611,330,689,390,1
348,13.920,33,package,690,490,655,463,725,517,1
349,13.960,31,package,624,230,587,202,661,258,1
349,13.960,32,package,650,360,611,330,689,390,1
349,13.960,33,package,690,490,655,463,725,517,1
350,14.000,31,package,626,230,589,202,663,258,1
350,14.000,32,package,650,360,611,330,689,390,1
350,14.000,33,package,690,490,655,463,725,517,1
351,14.040,31,package,629,230,592,202,666,258,1
351,14.040,32,package,650,360,611,330,689,390,1
351,14.040,33,package,690,490,655,463,725,517,1
352,14.080,31,package,632,230,595,202,669,258,1
352,14.080,32,package,650,360,611,330,689,390,1
352,14.080,33,package,690,490,655,463,725,517,1
353,14.120,31,package,634,230,597,202,671,258,1
353,14.120,32,package,650,360,611,330,689,390,1
353,14.120,33,package,690,490,655,463,725,517,1
354,14.160,31,package,637,230,600,202,674,258,1
354,14.160,32,package,650,360,611,330,689,390,1
354,14.160,33,package,690,490,655,463,725,517,1
355,14.200,31,package,640,230,603,202,677,258,1
355,14.200,32,package,650,360,611,330,689,390,1
355,14.200,33,package,690,490,655,463,725,517,1
356,14.240,31,package,642,230,605,202,679,258,1
356,14.240,32,package,650,360,611,330,689,390,1
356,14.240,33,package,690,490,655,463,725,517,1
357,14.280,31,package,645,230,608,202,682,258,1
357,14.280,32,package,650,360,611,330,689,390,1
357,14.280,33,package,690,490,655,463,725,517,1
358,14.320,31,package,648,230,611,202,685,258,1
358,14.320,32,package,650,360,611,330,689,390,1
358,14.320,33,package,690,490,655,463,725,517,1
359,14.360,31,package,650,230,613,202,687,258,1
359,14.360,32,package,650,360,611,330,689,390,1
359,14.360,33,package,690,490,655,463,725,517,1
360,14.400,31,package,653,230,616,202,690,258,1
360,14.400,32,package,650,360,611,330,689,390,1
360,14.400,33,package,690,490,655,463,725,517,1
361,14.440,31,package,656,230,619,202,693,258,1
361,14.440,32,package,650,360,611,330,689,390,1
361,14.440,33,package,690,490,655,463,725,517,1
362,14.480,31,package,658,230,621,202,695,258,1
362,14.480,32,package,650,360,611,330,689,390,1
362,14.480,33,package,690,490,655,463,725,517,1
363,14.520,31,package,661,230,624,202,698,258,1
363,14.520,32,package,650,360,611,330,689,390,1
363,14.520,33,package,690,490,655,463,725,517,1
364,14.560,31,package,664,230,627,202,701,258,1
364,14.560,32,package,650,360,611,330,689,390,1
364,14.560,33,package,690,490,655,463,725,517,1
365,14.600,31,package,666,230,629,202,703,258,1
365,14.600,32,package,650,360,611,330,689,390,1
365,14.600,33,package,690,490,655,463,725,517,1
366,14.640,31,package,669,230,632,202,706,258,1
366,14.640,32,package,650,360,611,330,689,390,1
366,14.640,33,package,690,490,655,463,725,517,1
367,14.680,31,package,672,230,635,202,709,258,1
367,14.680,32,package,650,360,611,330,689,390,1
367,14.680,33,package,690,490,655,463,725,517,1
368,14.720,31,package,674,230,637,202,711,258,1
368,14.720,32,package,650,360,611,330,689,390,1
368,14.720,33,package,690,490,655,463,725,517,1
369,14.760,31,package,677,230,640,202,714,258,1
369,14.760,32,package,650,360,611,330,689,390,1
369,14.760,33,package,690,490,655,463,725,517,1
370,14.800,31,package,680,230,643,202,717,258,1
370,14.800,32,package,650,360,611,330,689,390,1
370,14.800,33,package,690,490,655,463,725,517,1
371,14.840,31,package,682,230,645,202,719,258,1
371,14.840,32,package,650,360,611,330,689,390,1
371,14.840,33,package,690,490,655,463,725,517,1
372,14.880,31,package,685,230,648,202,722,258,1
372,14.880,32,package,650,360,611,330,689,390,1
372,14.880,33,package,690,490,655,463,725,517,1
373,14.920,31,package,688,230,651,202,725,258,1
373,14.920,32,package,650,360,611,330,689,390,1
373,14.920,33,package,690,490,655,463,725,517,1
374,14.960,31,package,690,230,653,202,727,258,1
374,14.960,32,package,650,360,611,330,689,390,1
374,14.960,33,package,690,490,655,463,725,517,1
375,15.000,31,package,693,230,656,202,730,258,1
375,15.000,32,package,650,360,611,330,689,390,1
375,15.000,33,package,690,490,655,463,725,517,1
376,15.040,31,package,696,230,659,202,733,258,1
376,15.040,32,package,650,360,611,330,689,390,1
376,15.040,33,package,690,490,655,463,725,517,1
377,15.080,31,package,698,230,661,202,735,258,1
377,15.080,32,package,650,360,611,330,689,390,1
377,15.080,33,package,690,490,655,463,725,517,1
378,15.120,31,package,701,230,664,202,738,258,1
378,15.120,32,package,650,360,611,330,689,390,1
378,15.120,33,package,690,490,655,463,725,517,1
379,15.160,31,package,704,230,667,202,741,258,1
379,15.160,32,package,650,360,611,330,689,390,1
379,15.160,33,package,690,490,655,463,725,517,1
380,15.200,31,package,706,230,669,202,743,258,1
380,15.200,32,package,650,360,611,330,689,390,1
380,15.200,33,package,690,490,655,463,725,517,1
381,15.240,31,package,709,230,672,202,746,258,1
381,15.240,32,package,650,360,611,330,689,390,1
381,15.240,33,package,690,490,655,463,725,517,1
382,15.280,31,package,712,230,675,202,749,258,1
382,15.280,32,package,650,360,611,330,689,390,1
382,15.280,33,package,690,490,655,463,725,517,1
383,15.320,31,package,714,230,677,202,751,258,1
383,15.320,32,package,650,360,611,330,689,390,1
383,15.320,33,package,690,490,655,463,725,517,1
384,15.360,31,package,717,230,680,202,754,258,1
384,15.360,32,package,650,360,611,330,689,390,1
384,15.360,33,package,690,490,655,463,725,517,1
385,15.400,31,package,720,230,683,202,757,258,1
385,15.400,32,package,650,360,611,330,689,390,1
385,15.400,33,package,690,490,655,463,725,517,1
386,15.440,31,package,722,230,685,202,759,258,1
386,15.440,32,package,650,360,611,330,689,390,1
386,15.440,33,package,690,490,655,463,725,517,1
387,15.480,31,package,725,230,688,202,762,258,1
387,15.480,32,package,650,360,611,330,689,390,1
387,15.480,33,package,690,490,655,463,725,517,1
388,15.520,31,package,728,230,691,202,765,258,1
388,15.520,32,package,650,360,611,330,689,390,1
388,15.520,33,package,690,490,655,463,725,517,1
389,15.560,31,package,730,230,693,202,767,258,1
389,15.560,32,package,650,360,611,330,689,390,1
389,15.560,33,package,690,490,655,463,725,517,1
390,15.600,31,package,733,230,696,202,770,258,1
390,15.600,32,package,650,360,611,330,689,390,1
390,15.600,33,package,690,490,655,463,725,517,1
391,15.640,31,package,736,230,699,202,773,258,1
391,15.640,32,package,650,360,611,330,689,390,1
391,15.640,33,package,690,490,655,463,725,517,1
392,15.680,31,package,738,230,701,202,775,258,1
392,15.680,32,package,650,360,611,330,689,390,1
392,15.680,33,package,690,490,655,463,725,517,1
393,15.720,31,package,741,230,704,202,778,258,1
393,15.720,32,package,650,360,611,330,689,390,1
393,15.720,33,package,690,490,655,463,725,517,1
394,15.760,31,package,744,230,707,202,781,258,1
394,15.760,32,package,650,360,611,330,689,390,1
394,15.760,33,package,690,490,655,463,725,517,1
395,15.800,31,package,746,230,709,202,783,258,1
395,15.800,32,package,650,360,611,330,689,390,1
395,15.800,33,package,690,490,655,463,725,517,1
396,15.840,31,package,749,230,712,202,786,258,1
396,15.840,32,package,650,360,611,330,689,390,1
396,15.840,33,package,690,490,655,463,725,517,1
397,15.880,31,package,752,230,715,202,789,258,1
397,15.880,32,package,650,360,611,330,689,390,1
397,15.880,33,package,690,490,655,463,725,517,1
398,15.920,31,package,754,230,717,202,791,258,1
398,15.920,32,package,650,360,611,330,689,390,1
398,15.920,33,package,690,490,655,463,725,517,1
399,15.960,31,package,757,230,720,202,794,258,1
399,15.960,32,package,650,360,611,330,689,390,1
399,15.960,33,package,690,490,655,463,725,517,1
400,16.000,31,package,760,230,723,202,797,258,1
400,16.000,32,package,650,360,611,330,689,390,1
400,16.000,33,package,690,490,655,463,725,517,1
401,16.040,31,package,762,230,725,202,799,258,1
401,16.040,32,package,650,360,611,330,689,390,1
401,16.040,33,package,690,490,655,463,725,517,1
402,16.080,31,package,765,230,728,202,802,258,1
402,16.080,32,package,650,360,611,330,689,390,1
402,16.080,33,package,690,490,655,463,725,517,1
403,16.120,31,package,768,230,731,202,805,258,1
403,16.120,32,package,650,360,611,330,689,390,1
403,16.120,33,package,690,490,655,463,725,517,1
404,16.160,31,package,770,230,733,202,807,258,1
404,16.160,32,package,650,360,611,330,689,390,1
404,16.160,33,package,690,490,655,463,725,517,1
405,16.200,31,package,773,230,736,202,810,258,1
405,16.200,32,package,650,360,611,330,689,390,1
405,16.200,33,package,690,490,655,463,725,517,1
406,16.240,31,package,776,230,739,202,813,258,1
406,16.240,32,package,650,360,611,330,689,390,1
406,16.240,33,package,690,490,655,463,725,517,1
407,16.280,31,package,778,230,741,202,815,258,1
407,16.280,32,package,650,360,611,330,689,390,1
407,16.280,33,package,690,490,655,463,725,517,1
408,16.320,31,package,781,230,744,202,818,258,1
408,16.320,32,package,650,360,611,330,689,390,1
408,16.320,33,package,690,490,655,463,725,517,1
409,16.360,31,package,784,230,747,202,821,258,1
409,16.360,32,package,650,360,611,330,689,390,1
409,16.360,33,package,690,490,655,463,725,517,1
410,16.400,31,package,786,230,749,202,823,258,1
410,16.400,32,package,650,360,611,330,689,390,1
410,16.400,33,package,690,490,655,463,725,517,1
411,16.440,31,package,789,230,752,202,826,258,1
411,16.440,32,package,650,360,611,330,689,390,1
411,16.440,33,package,690,490,655,463,725,517,1
412,16.480,31,package,792,230,755,202,829,258,1
412,16.480,32,package,650,360,611,330,689,390,1
412,16.480,33,package,690,490,655,463,725,517,1
413,16.520,31,package,794,230,757,202,831,258,1
413,16.520,32,package,650,360,611,330,689,390,1
413,16.520,33,package,690,490,655,463,725,517,1
414,16.560,31,package,797,230,760,202,834,258,1
414,16.560,32,package,650,360,611,330,689,390,1
414,16.560,33,package,690,490,655,463,725,517,1
415,16.600,31,package,800,230,763,202,837,258,1
415,16.600,32,package,650,360,611,330,689,390,1
415,16.600,33,package,690,490,655,463,725,517,1
416,16.640,31,package,802,230,765,202,839,258,1
416,16.640,32,package,650,360,611,330,689,390,1
416,16.640,33,package,690,490,655,463,725,517,1
417,16.680,31,package,805,230,768,202,842,258,1
417,16.680,32,package,650,360,611,330,689,390,1
417,16.680,33,package,690,490,655,463,725,517,1
418,16.720,31,package,808,230,771,202,845,258,1
418,16.720,32,package,650,360,611,330,689,390,1
418,16.720,33,package,690,490,655,463,725,517,1
419,16.760,31,package,810,230,773,202,847,258,1
419,16.760,32,package,650,360,611,330,689,390,1
419,16.760,33,package,690,490,655,463,725,517,1
420,16.800,31,package,813,230,776,202,850,258,1
420,16.800,32,package,650,360,611,330,689,390,1
420,16.800,33,package,690,490,655,463,725,517,1
421,16.840,31,package,816,230,779,202,853,258,1
421,16.840,32,package,652,360,613,330,691,390,1
421,16.840,33,package,690,490,655,463,725,517,1
422,16.880,31,package,818,230,781,202,855,258,1
422,16.880,32,package,654,360,615,330,693,390,1
422,16.880,33,package,690,490,655,463,725,517,1
423,16.920,31,package,821,230,784,202,858,258,1
423,16.920,32,package,656,360,617,330,695,390,1
423,16.920,33,package,690,490,655,463,725,517,1
424,16.960,31,package,824,230,787,202,861,258,1
424,16.960,32,package,659,360,620,330,698,390,1
424,16.960,33,package,690,490,655,463,725,517,1
425,17.000,31,package,826,230,789,202,863,258,1
425,17.000,32,package,661,360,622,330,700,390,1
425,17.000,33,package,690,490,655,463,725,517,1
426,17.040,31,package,829,230,792,202,866,258,1
426,17.040,32,package,663,360,624,330,702,390,1
426,17.040,33,package,690,490,655,463,725,517,1
427,17.080,31,package,832,230,795,202,869,258,1
427,17.080,32,package,665,360,626,330,704,390,1
427,17.080,33,package,690,490,655,463,725,517,1
428,17.120,31,package,834,230,797,202,871,258,1
428,17.120,32,package,668,360,629,330,707,390,1
428,17.120,33,package,690,490,655,463,725,517,1
429,17.160,31,package,837,230,800,202,874,258,1
429,17.160,32,package,670,360,631,330,709,390,1
429,17.160,33,package,690,490,655,463,725,517,1
430,17.200,31,package,840,230,803,202,877,258,1
430,17.200,32,package,672,360,633,330,711,390,1
430,17.200,33,package,690,490,655,463,725,517,1
431,17.240,31,package,842,230,805,202,879,258,1
431,17.240,32,package,674,360,635,330,713,390,1
431,17.240,33,package,690,490,655,463,725,517,1
432,17.280,31,package,845,230,808,202,882,258,1
432,17.280,32,package,677,360,638,330,716,390,1
432,17.280,33,package,690,490,655,463,725,517,1
433,17.320,31,package,848,230,811,202,885,258,1
433,17.320,32,package,679,360,640,330,718,390,1
433,17.320,33,package,690,490,655,463,725,517,1
434,17.360,31,package,850,230,813,202,887,258,1
434,17.360,32,package,681,360,642,330,720,390,1
434,17.360,33,package,690,490,655,463,725,517,1
435,17.400,31,package,853,230,816,202,890,258,1
435,17.400,32,package,683,360,644,330,722,390,1
435,17.400,33,package,690,490,655,463,725,517,1
436,17.440,31,package,856,230,819,202,893,258,1
436,17.440,32,package,686,360,647,330,725,390,1
436,17.440,33,package,690,490,655,463,725,517,1
437,17.480,31,package,858,230,821,202,895,258,1
437,17.480,32,package,688,360,649,330,727,390,1
437,17.480,33,package,690,490,655,463,725,517,1
438,17.520,31,package,861,230,824,202,898,258,1
438,17.520,32,package,690,360,651,330,729,390,1
438,17.520,33,package,690,490,655,463,725,517,1
439,17.560,31,package,864,230,827,202,901,258,1
439,17.560,32,package,693,360,654,330,732,390,1
439,17.560,33,package,690,490,655,463,725,517,1
440,17.600,31,package,866,230,829,202,903,258,1
440,17.600,32,package,695,360,656,330,734,390,1
440,17.600,33,package,690,490,655,463,725,517,1
441,17.640,31,package,869,230,832,202,906,258,1
441,17.640,32,package,697,360,658,330,736,390,1
441,17.640,33,package,690,490,655,463,725,517,1
442,17.680,31,package,872,230,835,202,909,258,1
442,17.680,32,package,699,360,660,330,738,390,1
442,17.680,33,package,690,490,655,463,725,517,1
443,17.720,31,package,874,230,837,202,911,258,1
443,17.720,32,package,702,360,663,330,741,390,1
443,17.720,33,package,690,490,655,463,725,517,1
444,17.760,31,package,877,230,840,202,914,258,1
444,17.760,32,package,704,360,665,330,743,390,1
444,17.760,33,package,690,490,655,463,725,517,1
445,17.800,31,package,880,230,843,202,917,258,1
445,17.800,32,package,706,360,667,330,745,390,1
445,17.800,33,package,690,490,655,463,725,517,1
446,17.840,31,package,882,230,845,202,919,258,1
446,17.840,32,package,708,360,669,330,747,390,1
446,17.840,33,package,690,490,655,463,725,517,1
447,17.880,31,package,885,230,848,202,922,258,1
447,17.880,32,package,711,360,672,330,750,390,1
447,17.880,33,package,690,490,655,463,725,517,1
448,17.920,31,package,888,230,851,202,925,258,1
448,17.920,32,package,713,360,674,330,752,390,1
448,17.920,33,package,690,490,655,463,725,517,1
449,17.960,31,package,890,230,853,202,927,258,1
449,17.960,32,package,715,360,676,330,754,390,1
449,17.960,33,package,690,490,655,463,725,517,1
450,18.000,31,package,893,230,856,202,930,258,1
450,18.000,32,package,717,360,678,330,756,390,1
450,18.000,33,package,690,490,655,463,725,517,1
451,18.040,31,package,896,230,859,202,933,258,1
451,18.040,32,package,720,360,681,330,759,390,1
451,18.040,33,package,690,490,655,463,725,517,1
452,18.080,31,package,898,230,861,202,935,258,1
452,18.080,32,package,722,360,683,330,761,390,1
452,18.080,33,package,690,490,655,463,725,517,1
453,18.120,31,package,901,230,864,202,938,258,1
453,18.120,32,package,724,360,685,330,763,390,1
453,18.120,33,package,690,490,655,463,725,517,1
454,18.160,31,package,904,230,867,202,941,258,1
454,18.160,32,package,726,360,687,330,765,390,1
454,18.160,33,package,690,490,655,463,725,517,1
455,18.200,31,package,906,230,869,202,943,258,1
455,18.200,32,package,729,360,690,330,768,390,1
455,18.200,33,package,690,490,655,463,725,517,1
456,18.240,31,package,909,230,872,202,946,258,1
456,18.240,32,package,731,360,692,330,770,390,1
456,18.240,33,package,690,490,655,463,725,517,1
457,18.280,31,package,912,230,875,202,949,258,1
457,18.280,32,package,733,360,694,330,772,390,1
457,18.280,33,package,690,490,655,463,725,517,1
458,18.320,31,package,914,230,877,202,951,258,1
458,18.320,32,package,736,360,697,330,775,390,1
458,18.320,33,package,690,490,655,463,725,517,1
459,18.360,31,package,917,230,880,202,954,258,1
459,18.360,32,package,738,360,699,330,777,390,1
459,18.360,33,package,690,490,655,463,725,517,1
460,18.400,31,package,920,230,883,202,957,258,1
460,18.400,32,package,740,360,701,330,779,390,1
460,18.400,33,package,690,490,655,463,725,517,1
461,18.440,31,package,922,230,885,202,959,258,1
461,18.440,32,package,742,360,703,330,781,390,1
461,18.440,33,package,690,490,655,463,725,517,1
462,18.480,31,package,925,230,888,202,962,258,1
462,18.480,32,package,745,360,706,330,784,390,1
462,18.480,33,package,690,490,655,463,725,517,1
463,18.520,31,package,928,230,891,202,965,258,1
463,18.520,32,package,747,360,708,330,786,390,1
463,18.520,33,package,690,490,655,463,725,517,1
464,18.560,31,package,930,230,893,202,967,258,1
464,18.560,32,package,749,360,710,330,788,390,1
464,18.560,33,package,690,490,655,463,725,517,1
465,18.600,31,package,933,230,896,202,970,258,1
465,18.600,32,package,751,360,712,330,790,390,1
465,18.600,33,package,690,490,655,463,725,517,1
466,18.640,31,package,936,230,899,202,973,258,1
466,18.640,32,package,754,360,715,330,793,390,1
466,18.640,33,package,690,490,655,463,725,517,1
467,18.680,31,package,938,230,901,202,975,258,1
467,18.680,32,package,756,360,717,330,795,390,1
467,18.680,33,package,690,490,655,463,725,517,1
468,18.720,31,package,941,230,904,202,978,258,1
468,18.720,32,package,758,360,719,330,797,390,1
468,18.720,33,package,690,490,655,463,725,517,1
469,18.760,31,package,944,230,907,202,981,258,1
469,18.760,32,package,760,360,721,330,799,390,1
469,18.760,33,package,690,490,655,463,725,517,1
470,18.800,31,package,946,230,909,202,983,258,1
470,18.800,32,package,763,360,724,330,802,390,1
470,18.800,33,package,690,490,655,463,725,517,1
471,18.840,31,package,949,230,912,202,986,258,1
471,18.840,32,package,765,360,726,330,804,390,1
471,18.840,33,package,690,490,655,463,725,517,1
472,18.880,31,package,952,230,915,202,989,258,1
472,18.880,32,package,767,360,728,330,806,390,1
472,18.880,33,package,690,490,655,463,725,517,1
473,18.920,31,package,954,230,917,202,991,258,1
473,18.920,32,package,769,360,730,330,808,390,1
473,18.920,33,package,690,490,655,463,725,517,1
474,18.960,31,package,957,230,920,202,994,258,1
474,18.960,32,package,772,360,733,330,811,390,1
474,18.960,33,package,690,490,655,463,725,517,1
475,19.000,31,package,960,230,923,202,997,258,1
475,19.000,32,package,774,360,735,330,813,390,1
475,19.000,33,package,690,490,655,463,725,517,1
476,19.040,31,package,962,230,925,202,999,258,1
476,19.040,32,package,776,360,737,330,815,390,1
476,19.040,33,package,690,490,655,463,725,517,1
477,19.080,31,package,965,230,928,202,1002,258,1
477,19.080,32,package,779,360,740,330,818,390,1
477,19.080,33,package,690,490,655,463,725,517,1
478,19.120,31,package,968,230,931,202,1005,258,1
478,19.120,32,package,781,360,742,330,820,390,1
478,19.120,33,package,690,490,655,463,725,517,1
479,19.160,31,package,970,230,933,202,1007,258,1
479,19.160,32,package,783,360,744,330,822,390,1
479,19.160,33,package,690,490,655,463,725,517,1
480,19.200,31,package,973,230,936,202,1010,258,1
480,19.200,32,package,785,360,746,330,824,390,1
480,19.200,33,package,690,490,655,463,725,517,1
481,19.240,31,package,976,230,939,202,1013,258,1
481,19.240,32,package,788,360,749,330,827,390,1
481,19.240,33,package,690,490,655,463,725,517,1
482,19.280,31,package,978,230,941,202,1015,258,1
482,19.280,32,package,790,360,751,330,829,390,1
482,19.280,33,package,690,490,655,463,725,517,1
483,19.320,31,package,981,230,944,202,1018,258,1
483,19.320,32,package,792,360,753,330,831,390,1
483,19.320,33,package,690,490,655,463,725,517,1
484,19.360,31,package,984,230,947,202,1021,258,1
484,19.360,32,package,794,360,755,330,833,390,1
484,19.360,33,package,690,490,655,463,725,517,1
485,19.400,31,package,986,230,949,202,1023,258,1
485,19.400,32,package,797,360,758,330,836,390,1
485,19.400,33,package,690,490,655,463,725,517,1
486,19.440,31,package,989,230,952,202,1026,258,1
486,19.440,32,package,799,360,760,330,838,390,1
486,19.440,33,package,690,490,655,463,725,517,1
487,19.480,31,package,992,230,955,202,1029,258,1
487,19.480,32,package,801,360,762,330,840,390,1
487,19.480,33,package,690,490,655,463,725,517,1
488,19.520,31,package,994,230,957,202,1031,258,1
488,19.520,32,package,803,360,764,330,842,390,1
488,19.520,33,package,690,490,655,463,725,517,1
489,19.560,31,package,997,230,960,202,1034,258,1
489,19.560,32,package,806,360,767,330,845,390,1
489,19.560,33,package,690,490,655,463,725,517,1
490,19.600,31,package,1000,230,963,202,1037,258,1
490,19.600,32,package,808,360,769,330,847,390,1
490,19.600,33,package,690,490,655,463,725,517,1
491,19.640,31,package,1002,230,965,202,1039,258,1
491,19.640,32,package,810,360,771,330,849,390,1
491,19.640,33,package,690,490,655,463,725,517,1
492,19.680,31,package,1005,230,968,202,1042,258,1
492,19.680,32,package,812,360,773,330,851,390,1
492,19.680,33,package,690,490,655,463,725,517,1
493,19.720,31,package,1008,230,971,202,1045,258,1
493,19.720,32,package,815,360,776,330,854,390,1
493,19.720,33,package,690,490,655,463,725,517,1
494,19.760,31,package,1010,230,973,202,1047,258,1
494,19.760,32,package,817,360,778,330,856,390,1
494,19.760,33,package,690,490,655,463,725,517,1
495,19.800,31,package,1013,230,976,202,1050,258,1
495,19.800,32,package,819,360,780,330,858,390,1
495,19.800,33,package,690,490,655,463,725,517,1
496,19.840,31,package,1016,230,979,202,1053,258,1
496,19.840,32,package,822,360,783,330,861,390,1
496,19.840,33,package,690,490,655,463,725,517,1
497,19.880,31,package,1018,230,981,202,1055,258,1
497,19.880,32,package,824,360,785,330,863,390,1
497,19.880,33,package,690,490,655,463,725,517,1
498,19.920,31,package,1021,230,984,202,1058,258,1
498,19.920,32,package,826,360,787,330,865,390,1
498,19.920,33,package,690,490,655,463,725,517,1
499,19.960,31,package,1024,230,987,202,1061,258,1
499,19.960,32,package,828,360,789,330,867,390,1
499,19.960,33,package,690,490,655,463,725,517,1
500,20.000,31,package,1026,230,989,202,1063,258,1
500,20.000,32,package,831,360,792,330,870,390,1
500,20.000,33,package,690,490,655,463,725,517,1
501,20.040,31,package,1029,230,992,202,1066,258,1
501,20.040,32,package,833,360,794,330,872,390,1
501,20.040,33,package,691,490,656,463,726,517,1
502,20.080,31,package,1032,230,995,202,1069,258,1
502,20.080,32,package,835,360,796,330,874,390,1
502,20.080,33,package,693,490,658,463,728,517,1
503,20.120,31,package,1034,230,997,202,1071,258,1
503,20.120,32,package,837,360,798,330,876,390,1
503,20.120,33,package,695,490,660,463,730,517,1
504,20.160,31,package,1037,230,1000,202,1074,258,1
504,20.160,32,package,840,360,801,330,879,390,1
504,20.160,33,package,697,490,662,463,732,517,1
505,20.200,31,package,1040,230,1003,202,1077,258,1
505,20.200,32,package,842,360,803,330,881,390,1
505,20.200,33,package,699,490,664,463,734,517,1
506,20.240,31,package,1042,230,1005,202,1079,258,1
506,20.240,32,package,844,360,805,330,883,390,1
506,20.240,33,package,701,490,666,463,736,517,1
507,20.280,31,package,1045,230,1008,202,1082,258,1
507,20.280,32,package,846,360,807,330,885,390,1
507,20.280,33,package,703,490,668,463,738,517,1
508,20.320,31,package,1048,230,1011,202,1085,258,1
508,20.320,32,package,849,360,810,330,888,390,1
508,20.320,33,package,705,490,670,463,740,517,1
509,20.360,31,package,1050,230,1013,202,1087,258,1
509,20.360,32,package,851,360,812,330,890,390,1
509,20.360,33,package,707,490,672,463,742,517,1
510,20.400,31,package,1053,230,1016,202,1090,258,1
510,20.400,32,package,853,360,814,330,892,390,1
510,20.400,33,package,709,490,674,463,744,517,1
511,20.440,31,package,1056,230,1019,202,1093,258,1
511,20.440,32,package,855,360,816,330,894,390,1
511,20.440,33,package,711,490,676,463,746,517,1
512,20.480,31,package,1058,230,1021,202,1095,258,1
512,20.480,32,package,858,360,819,330,897,390,1
512,20.480,33,package,713,490,678,463,748,517,1
513,20.520,31,package,1061,230,1024,202,1098,258,1
513,20.520,32,package,860,360,821,330,899,390,1
513,20.520,33,package,715,490,680,463,750,517,1
514,20.560,31,package,1064,230,1027,202,1101,258,1
514,20.560,32,package,862,360,823,330,901,390,1
514,20.560,33,package,717,490,682,463,752,517,1
515,20.600,31,package,1066,230,1029,202,1103,258,1
515,20.600,32,package,865,360,826,330,904,390,1
515,20.600,33,package,719,490,684,463,754,517,1
516,20.640,31,package,1069,230,1032,202,1106,258,1
516,20.640,32,package,867,360,828,330,906,390,1
516,20.640,33,package,721,490,686,463,756,517,1
517,20.680,31,package,1072,230,1035,202,1109,258,1
517,20.680,32,package,869,360,830,330,908,390,1
517,20.680,33,package,723,490,688,463,758,517,1
518,20.720,31,package,1074,230,1037,202,1111,258,1
518,20.720,32,package,871,360,832,330,910,390,1
518,20.720,33,package,725,490,690,463,760,517,1
519,20.760,31,package,1077,230,1040,202,1114,258,1
519,20.760,32,package,874,360,835,330,913,390,1
519,20.760,33,package,727,490,692,463,762,517,1
520,20.800,31,package,1080,230,1043,202,1117,258,1
520,20.800,32,package,876,360,837,330,915,390,1
520,20.800,33,package,728,490,693,463,763,517,1
521,20.840,32,package,878,360,839,330,917,390,1
521,20.840,33,package,730,490,695,463,765,517,1
522,20.880,32,package,880,360,841,330,919,390,1
522,20.880,33,package,732,490,697,463,767,517,1
523,20.920,32,package,883,360,844,330,922,390,1
523,20.920,33,package,734,490,699,463,769,517,1
524,20.960,32,package,885,360,846,330,924,390,1
524,20.960,33,package,736,490,701,463,771,517,1
525,21.000,32,package,887,360,848,330,926,390,1
525,21.000,33,package,738,490,703,463,773,517,1
526,21.040,32,package,889,360,850,330,928,390,1
526,21.040,33,package,740,490,705,463,775,517,1
527,21.080,32,package,892,360,853,330,931,390,1
527,21.080,33,package,742,490,707,463,777,517,1
528,21.120,32,package,894,360,855,330,933,390,1
528,21.120,33,package,744,490,709,463,779,517,1
529,21.160,32,package,896,360,857,330,935,390,1
529,21.160,33,package,746,490,711,463,781,517,1
530,21.200,32,package,898,360,859,330,937,390,1
530,21.200,33,package,748,490,713,463,783,517,1
531,21.240,32,package,901,360,862,330,940,390,1
531,21.240,33,package,750,490,715,463,785,517,1
532,21.280,32,package,903,360,864,330,942,390,1
532,21.280,33,package,752,490,717,463,787,517,1
533,21.320,32,package,905,360,866,330,944,390,1
533,21.320,33,package,754,490,719,463,789,517,1
534,21.360,32,package,908,360,869,330,947,390,1
534,21.360,33,package,756,490,721,463,791,517,1
535,21.400,32,package,910,360,871,330,949,390,1
535,21.400,33,package,758,490,723,463,793,517,1
536,21.440,32,package,912,360,873,330,951,390,1
536,21.440,33,package,760,490,725,463,795,517,1
537,21.480,32,package,914,360,875,330,953,390,1
537,21.480,33,package,762,490,727,463,797,517,1
538,21.520,32,package,917,360,878,330,956,390,1
538,21.520,33,package,764,490,729,463,799,517,1
539,21.560,32,package,919,360,880,330,958,390,1
539,21.560,33,package,765,490,730,463,800,517,1
540,21.600,32,package,921,360,882,330,960,390,1
540,21.600,33,package,767,490,732,463,802,517,1
541,21.640,32,package,923,360,884,330,962,390,1
541,21.640,33,package,769,490,734,463,804,517,1
542,21.680,32,package,926,360,887,330,965,390,1
542,21.680,33,package,771,490,736,463,806,517,1
543,21.720,32,package,928,360,889,330,967,390,1
543,21.720,33,package,773,490,738,463,808,517,1
544,21.760,32,package,930,360,891,330,969,390,1
544,21.760,33,package,775,490,740,463,810,517,1
545,21.800,32,package,932,360,893,330,971,390,1
545,21.800,33,package,777,490,742,463,812,517,1
546,21.840,32,package,935,360,896,330,974,390,1
546,21.840,33,package,779,490,744,463,814,517,1
547,21.880,32,package,937,360,898,330,976,390,1
547,21.880,33,package,781,490,746,463,816,517,1
548,21.920,32,package,939,360,900,330,978,390,1
548,21.920,33,package,783,490,748,463,818,517,1
549,21.960,32,package,941,360,902,330,980,390,1
549,21.960,33,package,785,490,750,463,820,517,1
550,22.000,32,package,944,360,905,330,983,390,1
550,22.000,33,package,787,490,752,463,822,517,1
551,22.040,32,package,946,360,907,330,985,390,1
551,22.040,33,package,789,490,754,463,824,517,1
552,22.080,32,package,948,360,909,330,987,390,1
552,22.080,33,package,791,490,756,463,826,517,1
553,22.120,32,package,951,360,912,330,990,390,1
553,22.120,33,package,793,490,758,463,828,517,1
554,22.160,32,package,953,360,914,330,992,390,1
554,22.160,33,package,795,490,760,463,830,517,1
555,22.200,32,package,955,360,916,330,994,390,1
555,22.200,33,package,797,490,762,463,832,517,1
556,22.240,32,package,957,360,918,330,996,390,1
556,22.240,33,package,799,490,764,463,834,517,1
557,22.280,32,package,960,360,921,330,999,390,1
557,22.280,33,package,801,490,766,463,836,517,1
558,22.320,32,package,962,360,923,330,1001,390,1
558,22.320,33,package,802,490,767,463,837,517,1
559,22.360,32,package,964,360,925,330,1003,390,1
559,22.360,33,package,804,490,769,463,839,517,1
560,22.400,32,package,966,360,927,330,1005,390,1
560,22.400,33,package,806,490,771,463,841,517,1
561,22.440,32,package,969,360,930,330,1008,390,1
561,22.440,33,package,808,490,773,463,843,517,1
562,22.480,32,package,971,360,932,330,1010,390,1
562,22.480,33,package,810,490,775,463,845,517,1
563,22.520,32,package,973,360,934,330,1012,390,1
563,22.520,33,package,812,490,777,463,847,517,1
564,22.560,32,package,975,360,936,330,1014,390,1
564,22.560,33,package,814,490,779,463,849,517,1
565,22.600,32,package,978,360,939,330,1017,390,1
565,22.600,33,package,816,490,781,463,851,517,1
566,22.640,32,package,980,360,941,330,1019,390,1
566,22.640,33,package,818,490,783,463,853,517,1
567,22.680,32,package,982,360,943,330,1021,390,1
567,22.680,33,package,820,490,785,463,855,517,1
568,22.720,32,package,984,360,945,330,1023,390,1
568,22.720,33,package,822,490,787,463,857,517,1
569,22.760,32,package,987,360,948,330,1026,390,1
569,22.760,33,package,824,490,789,463,859,517,1
570,22.800,32,package,989,360,950,330,1028,390,1
570,22.800,33,package,826,490,791,463,861,517,1
571,22.840,32,package,991,360,952,330,1030,390,1
571,22.840,33,package,828,490,793,463,863,517,1
572,22.880,32,package,994,360,955,330,1033,390,1
572,22.880,33,package,830,490,795,463,865,517,1
573,22.920,32,package,996,360,957,330,1035,390,1
573,22.920,33,package,832,490,797,463,867,517,1
574,22.960,32,package,998,360,959,330,1037,390,1
574,22.960,33,package,834,490,799,463,869,517,1
575,23.000,32,package,1000,360,961,330,1039,390,1
575,23.000,33,package,836,490,801,463,871,517,1
576,23.040,32,package,1003,360,964,330,1042,390,1
576,23.040,33,package,838,490,803,463,873,517,1
577,23.080,32,package,1005,360,966,330,1044,390,1
577,23.080,33,package,839,490,804,463,874,517,1
578,23.120,32,package,1007,360,968,330,1046,390,1
578,23.120,33,package,841,490,806,463,876,517,1
579,23.160,32,package,1009,360,970,330,1048,390,1
579,23.160,33,package,843,490,808,463,878,517,1
580,23.200,32,package,1012,360,973,330,1051,390,1
580,23.200,33,package,845,490,810,463,880,517,1
581,23.240,32,package,1014,360,975,330,1053,390,1
581,23.240,33,package,847,490,812,463,882,517,1
582,23.280,32,package,1016,360,977,330,1055,390,1
582,23.280,33,package,849,490,814,463,884,517,1
583,23.320,32,package,1018,360,979,330,1057,390,1
583,23.320,33,package,851,490,816,463,886,517,1
584,23.360,32,package,1021,360,982,330,1060,390,1
584,23.360,33,package,853,490,818,463,888,517,1
585,23.400,32,package,1023,360,984,330,1062,390,1
585,23.400,33,package,855,490,820,463,890,517,1
586,23.440,32,package,1025,360,986,330,1064,390,1
586,23.440,33,package,857,490,822,463,892,517,1
587,23.480,32,package,1027,360,988,330,1066,390,1
587,23.480,33,package,859,490,824,463,894,517,1
588,23.520,32,package,1030,360,991,330,1069,390,1
588,23.520,33,package,861,490,826,463,896,517,1
589,23.560,32,package,1032,360,993,330,1071,390,1
589,23.560,33,package,863,490,828,463,898,517,1
590,23.600,32,package,1034,360,995,330,1073,390,1
590,23.600,33,package,865,490,830,463,900,517,1
591,23.640,32,package,1037,360,998,330,1076,390,1
591,23.640,33,package,867,490,832,463,902,517,1
592,23.680,32,package,1039,360,1000,330,1078,390,1
592,23.680,33,package,869,490,834,463,904,517,1
593,23.720,32,package,1041,360,1002,330,1080,390,1
593,23.720,33,package,871,490,836,463,906,517,1
594,23.760,32,package,1043,360,1004,330,1082,390,1
594,23.760,33,package,873,490,838,463,908,517,1
595,23.800,32,package,1046,360,1007,330,1085,390,1
595,23.800,33,package,875,490,840,463,910,517,1
596,23.840,32,package,1048,360,1009,330,1087,390,1
596,23.840,33,package,876,490,841,463,911,517,1
597,23.880,32,package,1050,360,1011,330,1089,390,1
597,23.880,33,package,878,490,843,463,913,517,1
598,23.920,32,package,1052,360,1013,330,1091,390,1
598,23.920,33,package,880,490,845,463,915,517,1
599,23.960,32,package,1055,360,1016,330,1094,390,1
599,23.960,33,package,882,490,847,463,917,517,1
600,24.000,32,package,1057,360,1018,330,1096,390,1
600,24.000,33,package,884,490,849,463,919,517,1
601,24.040,32,package,1059,360,1020,330,1098,390,1
601,24.040,33,package,886,490,851,463,921,517,1
602,24.080,32,package,1061,360,1022,330,1100,390,1
602,24.080,33,package,888,490,853,463,923,517,1
603,24.120,32,package,1064,360,1025,330,1103,390,1
603,24.120,33,package,890,490,855,463,925,517,1
604,24.160,32,package,1066,360,1027,330,1105,390,1
604,24.160,33,package,892,490,857,463,927,517,1
605,24.200,32,package,1068,360,1029,330,1107,390,1
605,24.200,33,package,894,490,859,463,929,517,1
606,24.240,32,package,1070,360,1031,330,1109,390,1
606,24.240,33,package,896,490,861,463,931,517,1
607,24.280,32,package,1073,360,1034,330,1112,390,1
607,24.280,33,package,898,490,863,463,933,517,1
608,24.320,32,package,1075,360,1036,330,1114,390,1
608,24.320,33,package,900,490,865,463,935,517,1
609,24.360,32,package,1077,360,1038,330,1116,390,1
609,24.360,33,package,902,490,867,463,937,517,1
610,24.400,32,package,1080,360,1041,330,1119,390,1
610,24.400,33,package,904,490,869,463,939,517,1
611,24.440,33,package,906,490,871,463,941,517,1
612,24.480,33,package,908,490,873,463,943,517,1
613,24.520,33,package,910,490,875,463,945,517,1
614,24.560,33,package,912,490,877,463,947,517,1
615,24.600,33,package,913,490,878,463,948,517,1
616,24.640,33,package,915,490,880,463,950,517,1
617,24.680,33,package,917,490,882,463,952,517,1
618,24.720,33,package,919,490,884,463,954,517,1
619,24.760,33,package,921,490,886,463,956,517,1
620,24.800,33,package,923,490,888,463,958,517,1
621,24.840,33,package,925,490,890,463,960,517,1
622,24.880,33,package,927,490,892,463,962,517,1
623,24.920,33,package,929,490,894,463,964,517,1
624,24.960,33,package,931,490,896,463,966,517,1
625,25.000,33,package,933,490,898,463,968,517,1
626,25.040,33,package,935,490,900,463,970,517,1
627,25.080,33,package,937,490,902,463,972,517,1
628,25.120,33,package,939,490,904,463,974,517,1
629,25.160,33,package,941,490,906,463,976,517,1
630,25.200,33,package,943,490,908,463,978,517,1
631,25.240,33,package,945,490,910,463,980,517,1
632,25.280,33,package,947,490,912,463,982,517,1
633,25.320,33,package,949,490,914,463,984,517,1
634,25.360,33,package,950,490,915,463,985,517,1
635,25.400,33,package,952,490,917,463,987,517,1
636,25.440,33,package,954,490,919,463,989,517,1
637,25.480,33,package,956,490,921,463,991,517,1
638,25.520,33,package,958,490,923,463,993,517,1
639,25.560,33,package,960,490,925,463,995,517,1
640,25.600,33,package,962,490,927,463,997,517,1
641,25.640,33,package,964,490,929,463,999,517,1
642,25.680,33,package,966,490,931,463,1001,517,1
643,25.720,33,package,968,490,933,463,1003,517,1
644,25.760,33,package,970,490,935,463,1005,517,1
645,25.800,33,package,972,490,937,463,1007,517,1
646,25.840,33,package,974,490,939,463,1009,517,1
647,25.880,33,package,976,490,941,463,1011,517,1
648,25.920,33,package,978,490,943,463,1013,517,1
649,25.960,33,package,980,490,945,463,1015,517,1
650,26.000,33,package,982,490,947,463,1017,517,1
651,26.040,33,package,984,490,949,463,1019,517,1
652,26.080,33,package,986,490,951,463,1021,517,1
653,26.120,33,package,987,490,952,463,1022,517,1
654,26.160,33,package,989,490,954,463,1024,517,1
655,26.200,33,package,991,490,956,463,1026,517,1
656,26.240,33,package,993,490,958,463,1028,517,1
657,26.280,33,package,995,490,960,463,1030,517,1
658,26.320,33,package,997,490,962,463,1032,517,1
659,26.360,33,package,999,490,964,463,1034,517,1
660,26.400,33,package,1001,490,966,463,1036,517,1
661,26.440,33,package,1003,490,968,463,1038,517,1
662,26.480,33,package,1005,490,970,463,1040,517,1
663,26.520,33,package,1007,490,972,463,1042,517,1
664,26.560,33,package,1009,490,974,463,1044,517,1
665,26.600,33,package,1011,490,976,463,1046,517,1
666,26.640,33,package,1013,490,978,463,1048,517,1
667,26.680,33,package,1015,490,980,463,1050,517,1
668,26.720,33,package,1017,490,982,463,1052,517,1
669,26.760,33,package,1019,490,984,463,1054,517,1
670,26.800,33,package,1021,490,986,463,1056,517,1
671,26.840,33,package,1023,490,988,463,1058,517,1
672,26.880,33,package,1024,490,989,463,1059,517,1
673,26.920,33,package,1026,490,991,463,1061,517,1
674,26.960,33,package,1028,490,993,463,1063,517,1
675,27.000,33,package,1030,490,995,463,1065,517,1
676,27.040,33,package,1032,490,997,463,1067,517,1
677,27.080,33,package,1034,490,999,463,1069,517,1
678,27.120,33,package,1036,490,1001,463,1071,517,1
679,27.160,33,package,1038,490,1003,463,1073,517,1
680,27.200,33,package,1040,490,1005,463,1075,517,1
681,27.240,33,package,1042,490,1007,463,1077,517,1
682,27.280,33,package,1044,490,1009,463,1079,517,1
683,27.320,33,package,1046,490,1011,463,1081,517,1
684,27.360,33,package,1048,490,1013,463,1083,517,1
685,27.400,33,package,1050,490,1015,463,1085,517,1
686,27.440,33,package,1052,490,1017,463,1087,517,1
687,27.480,33,package,1054,490,1019,463,1089,517,1
688,27.520,33,package,1056,490,1021,463,1091,517,1
689,27.560,33,package,1058,490,1023,463,1093,517,1
690,27.600,33,package,1060,490,1025,463,1095,517,1
